{"stats":{"minecraft:picked_up":{"minecraft:sand":8,"minecraft:sugar_cane":7},"minecraft:custom":{"minecraft:jump":115,"minecraft:time_since_rest":16481,"minecraft:crouch_one_cm":42,"minecraft:leave_game":2,"minecraft:play_time":16481,"minecraft:sprint_one_cm":16367,"minecraft:time_since_death":16481,"minecraft:walk_on_water_one_cm":582,"minecraft:walk_one_cm":12110,"minecraft:sneak_time":4,"minecraft:total_world_time":16481,"minecraft:walk_under_water_one_cm":594,"minecraft:fall_one_cm":4031,"minecraft:fly_one_cm":24132},"minecraft:used":{"minecraft:sand":1},"minecraft:mined":{"minecraft:sugar_cane":3,"minecraft:sand":9}},"DataVersion":3465}