{"stats":{"minecraft:picked_up":{"minecraft:sand":8,"minecraft:sugar_cane":7},"minecraft:used":{"minecraft:sand":1},"minecraft:custom":{"minecraft:jump":119,"minecraft:time_since_rest":22360,"minecraft:damage_taken":30,"minecraft:crouch_one_cm":42,"minecraft:leave_game":4,"minecraft:play_time":22360,"minecraft:sprint_one_cm":16367,"minecraft:time_since_death":22360,"minecraft:walk_on_water_one_cm":582,"minecraft:walk_one_cm":12125,"minecraft:sneak_time":4,"minecraft:total_world_time":22360,"minecraft:walk_under_water_one_cm":594,"minecraft:fall_one_cm":4031,"minecraft:fly_one_cm":24172},"minecraft:mined":{"minecraft:sugar_cane":3,"minecraft:sand":11}},"DataVersion":3465}