{"stats":{"minecraft:picked_up":{"minecraft:sugar_cane":7},"minecraft:custom":{"minecraft:jump":112,"minecraft:time_since_rest":8692,"minecraft:crouch_one_cm":42,"minecraft:leave_game":2,"minecraft:play_time":8692,"minecraft:sprint_one_cm":15628,"minecraft:time_since_death":8692,"minecraft:walk_on_water_one_cm":582,"minecraft:walk_one_cm":6588,"minecraft:sneak_time":4,"minecraft:total_world_time":8692,"minecraft:walk_under_water_one_cm":594,"minecraft:fall_one_cm":4031,"minecraft:fly_one_cm":24132},"minecraft:mined":{"minecraft:sugar_cane":3}},"DataVersion":3465}